time,iID,jID,tau,correlation
10,1,4,2,0.9658329758373116
11,1,4,2,0.9680660237864056
12,1,4,2,0.9666404960956121
12,6,2,1,0.9665069741335255
12,8,7,2,0.9526278629264022
13,1,4,2,0.9657564793149375
13,6,2,1,0.972811808897183
14,1,4,2,0.9635363141971034
14,6,2,1,0.9527813041022601
15,1,4,2,0.9641456739904759
16,1,4,2,0.9612873367875456
16,6,2,0,0.9549037631028384
17,5,6,0,0.950146090593702
17,6,2,0,0.9669103812323769
17,7,11,1,0.9685580530161276
18,6,2,0,0.9629687378483781
18,7,11,1,0.9874162865914818
19,7,11,1,0.9893121270535603
20,7,11,1,0.9893216433381483
21,7,11,1,0.9894271554101446
21,12,8,0,0.9599756235616014
22,7,11,1,0.9896654605116275
22,12,8,0,0.9637856001736408
23,7,11,1,0.9891380642887936
24,7,11,1,0.986562290938336
24,8,7,0,0.9639145465937116
24,12,8,1,0.9519908443063104
25,7,11,1,0.9816491835944289
25,8,7,0,0.9748415338105721
26,7,11,1,0.9752773098965731
26,8,7,0,0.9768037016849433
27,7,11,1,0.967913759720774
27,8,7,0,0.9772321206862192
28,7,11,1,0.9569871661898748
28,8,7,0,0.9783479410517499
29,8,7,0,0.9825053878095484
29,12,8,2,0.9541925509829281
30,2,12,1,0.9555834018532507
30,8,7,0,0.9868300618229632
30,12,8,2,0.963606840398561
31,2,12,1,0.968016114321353
31,8,7,0,0.9853166825560173
31,12,8,2,0.9687251555594513
32,2,12,1,0.9650063168233796
32,8,7,0,0.982973448326272
32,12,8,2,0.9652195126697111
33,2,12,1,0.9609590151975925
33,8,7,0,0.9781421570316504
33,12,8,2,0.9522620407617786
34,2,12,1,0.9593405463895929
34,8,7,0,0.9721987566046076
34,8,9,1,0.9624535118306073
35,2,12,1,0.9582455703350461
35,8,7,0,0.965932726552892
35,8,9,1,0.9739753384402517
36,2,12,1,0.9557180352515456
36,8,7,0,0.9590854779637633
36,8,9,1,0.9792303302308939
37,8,7,0,0.9516670608728247
37,8,9,1,0.9825154819152491
37,9,7,2,0.9593246490681295
38,8,9,1,0.9843731010285581
38,9,7,2,0.9582880813501107
39,8,9,1,0.9838103161872641
39,9,7,2,0.9549630774198287
40,8,9,1,0.9822511435125812
40,10,5,1,0.9655062540328763
41,8,9,1,0.975678424874688
41,9,7,1,0.9509321122315855
41,10,5,2,0.9670634310441474
42,7,4,0,0.9514838752348671
42,8,9,1,0.9662718450131333
42,10,5,2,0.9714969840774755
43,1,9,0,0.9731480701552222
43,7,4,0,0.9803987526312269
43,8,9,1,0.9570441322338734
43,10,5,2,0.9739378220791441
44,1,9,0,0.9722944430335485
44,7,4,0,0.9861253589405904
44,10,5,2,0.9758268399035497
45,1,9,0,0.970535863154947
45,7,4,0,0.9867007543372762
45,8,12,0,0.9600014620487914
45,10,5,2,0.9730815217727452
46,1,9,0,0.9706884693933675
46,7,4,0,0.9872074395071709
46,10,5,2,0.9709358103846112
46,12,7,1,0.9615095174317426
47,1,8,1,0.9555134464504784
47,1,9,0,0.9695743302740969
47,7,4,0,0.9840087078610599
47,8,9,2,0.9526037323403543
47,10,5,2,0.9704059554826846
47,12,7,1,0.9765530795877184
48,1,8,1,0.963663446840759
48,1,9,0,0.9699298349324086
48,7,4,0,0.9722899920398833
48,8,9,2,0.9610754687370677
48,10,5,2,0.9682020449485397
48,12,7,1,0.9763408305595308
49,1,8,1,0.9686189297317972
49,1,9,0,0.9703902382062886
49,7,4,0,0.9616422591685443
49,8,9,2,0.9677151701469994
49,10,5,2,0.9695362981510264
49,12,7,1,0.9666102022432721
50,1,8,1,0.9711764694544402
50,1,9,0,0.9717544546318061
50,7,4,0,0.9555528579816774
50,8,9,2,0.9747175477428379
50,10,5,2,0.9736489762208855
50,12,7,1,0.9582732744194364
51,1,8,1,0.9711457023554442
51,1,9,0,0.977126897673404
51,7,4,0,0.9519940573471537
51,8,9,2,0.9798338956767891
51,10,5,2,0.9615124865944534
51,12,7,1,0.9578071176388453
52,1,8,1,0.9690300374302805
52,1,9,0,0.9838309575867356
52,7,4,0,0.9538511739160002
52,8,9,2,0.984213514902118
52,12,7,1,0.9570785276498933
53,1,8,1,0.9626955869030842
53,1,9,0,0.9854904672402617
53,7,4,0,0.955450482409179
53,8,9,2,0.9883473130181826
54,1,8,1,0.9596559995007705
54,1,9,0,0.9836247872331665
54,8,9,2,0.9863013780814222
55,1,8,1,0.9579511181839754
55,1,9,0,0.9840863670763332
55,8,9,2,0.9804367213702108
56,1,8,1,0.9582629619706277
56,1,9,0,0.9837564239518509
56,8,9,2,0.976049446927977
57,1,8,1,0.9633262738286406
57,1,9,0,0.9765739459257544
57,1,11,1,0.9511285059784959
57,8,9,2,0.9717614444994955
57,8,11,3,0.9622928706786696
57,11,8,3,0.9622928706786696
58,1,8,1,0.9713297839817435
58,1,9,0,0.9595257711207896
58,1,11,1,0.9551346807000807
58,8,9,2,0.9665322975912146
58,8,11,3,0.981926695410823
58,11,8,3,0.981926695410823
59,1,8,1,0.970969221354779
59,1,11,0,0.9647672662008863
59,8,9,2,0.958438337905778
59,8,11,3,0.9828510724417128
59,11,8,3,0.9828510724417128
60,1,8,1,0.9706761178717175
60,1,11,0,0.9728997919098046
60,8,9,3,0.9626762005519005
60,8,11,3,0.9742088029789848
60,9,8,3,0.9626762005519005
60,11,8,3,0.9742088029789848
61,1,8,1,0.9683315892711568
61,1,11,0,0.9773222212416488
61,8,9,3,0.975526531719395
61,8,11,3,0.9567539299681169
61,9,8,3,0.975526531719395
61,11,8,3,0.9567539299681169
62,1,8,1,0.965528340265051
62,1,11,0,0.9798579431119665
62,8,9,3,0.9786623840947072
62,9,8,3,0.9786623840947072
63,1,8,1,0.9641462890846058
63,1,11,0,0.9804002531799896
63,8,9,3,0.9797613263911503
63,9,8,3,0.9797613263911503
64,1,8,1,0.9631447455856279
64,1,11,0,0.9733090967504018
64,8,9,3,0.9802608985047778
64,9,8,3,0.9802608985047778
65,1,8,1,0.9649540615637886
65,1,11,0,0.9614040488992889
65,8,9,3,0.9808136245727528
65,9,8,3,0.9808136245727528
66,1,8,1,0.9716423473582647
66,8,9,3,0.9819822584125746
66,9,8,3,0.9819822584125746
67,1,8,1,0.9748453337538033
67,8,9,3,0.9829975500124094
67,9,8,3,0.9829975500124094
68,1,8,1,0.9704567256232337
68,8,9,3,0.9851637925816072
68,9,8,3,0.9851637925816072
69,1,8,1,0.962661452855415
69,8,9,3,0.9854110074278402
69,9,8,3,0.9854110074278402
70,1,8,1,0.9563895308549502
70,8,9,3,0.9825976827139358
70,9,8,3,0.9825976827139358
71,1,8,1,0.9511330972059698
71,8,9,3,0.9778012501343226
71,9,8,3,0.9778012501343226
71,9,10,0,0.9540699250162651
72,1,8,1,0.9511307925020313
72,8,9,3,0.9755921678554359
72,8,10,1,0.9643195837391035
72,8,11,0,0.9627169906916628
72,9,8,3,0.9755921678554359
72,9,10,0,0.9763147426121156
73,1,8,1,0.9518031266193415
73,8,9,3,0.9688598171741672
73,8,10,1,0.9644757054945372
73,8,11,0,0.9728902274866235
73,9,8,2,0.9704145370227345
73,9,10,0,0.9793145010371137
74,1,8,1,0.9521179658738715
74,8,9,3,0.954411070922383
74,8,10,1,0.9645222987075013
74,8,11,0,0.9744825665271719
74,9,8,2,0.9716809782983766
74,9,10,0,0.9683335681099845
74,10,11,2,0.950503062221649
75,1,8,1,0.9524347551201179
75,8,10,1,0.9668806467267768
75,8,11,0,0.9669219219775831
75,9,8,2,0.9581404359997145
75,10,11,2,0.9540705958222168
76,1,8,1,0.9518154222725308
76,8,10,1,0.9715745158245306
76,8,11,0,0.9513853753416999
76,10,11,2,0.962625450292497
76,11,2,2,0.9510140007694728
77,1,8,1,0.9533065703076592
77,4,8,0,0.9506920223702997
77,8,10,1,0.9768653103174069
77,10,11,2,0.9705275091209687
77,11,2,2,0.9548867335060068
78,1,8,0,0.9563117074490113
78,4,1,2,0.9557160325230367
78,4,8,0,0.9508963841400847
78,8,10,1,0.9703455322765371
78,10,11,2,0.9740929926516109
78,11,2,2,0.9500567524344249
79,1,4,3,0.9655058149385132
79,1,8,0,0.9545118244906751
79,4,1,3,0.9655058149385132
79,4,8,0,0.9520146145192067
79,8,10,1,0.9592248504380965
79,10,11,2,0.9538557830854005
80,1,4,3,0.9796519641142366
80,1,8,1,0.9527808424491039
80,4,1,3,0.9796519641142366
80,8,10,1,0.9517090898797035
81,1,4,3,0.9810632412149725
81,1,8,1,0.9592052959728292
81,4,1,3,0.9810632412149725
82,1,4,3,0.9735310987907829
82,1,8,1,0.9675167706657933
82,4,1,3,0.9735310987907829
83,1,8,1,0.9656245265312866
83,4,8,1,0.95170953979668
84,4,8,1,0.9516373711032835
87,4,8,1,0.9552381530352688
87,9,1,2,0.9613445544301288
88,4,8,1,0.966486778978708
89,4,8,1,0.9699819994754191
90,4,8,2,0.9765133509957817
91,4,8,2,0.9832383909371077
92,4,8,2,0.9853803658886784
92,9,5,2,0.9655349070553139
93,4,8,2,0.9859151227860075
93,9,5,2,0.9699981099925453
94,4,8,2,0.9859662342464935
94,9,5,2,0.9654227698037888
95,4,2,0,0.9556178183255158
95,4,8,2,0.9859314461196742
96,4,2,0,0.9565081715184258
96,4,8,2,0.985498793236067
97,4,8,2,0.9839154819860831
97,5,4,0,0.9687536669676226
98,4,8,2,0.9810019091501447
98,5,4,0,0.9753281311624348
99,4,8,2,0.9725058898495251
99,5,4,0,0.9754364219459587
99,9,5,1,0.9528334418107854
100,4,8,2,0.9500959867823817
100,5,4,0,0.9760706713842081
100,9,5,1,0.9611957988458332
100,12,6,2,0.9558076478537773
101,5,4,0,0.9762511390319759
101,9,5,1,0.9698264623487087
101,12,6,2,0.9680291079137368
102,5,4,0,0.9769274844554814
102,9,5,1,0.9657357788267298
102,12,6,2,0.9735497222654469
103,5,4,0,0.9733764872269404
103,12,6,2,0.9744822968221314
104,5,4,0,0.9624972355816366
105,5,2,0,0.9546729304621038
106,4,10,0,0.9508313657295151
106,5,2,0,0.9655806252149267
107,5,2,0,0.9708949224655554
108,5,2,0,0.9707853298363661
109,5,2,0,0.9693546788589487
109,8,11,0,0.9625139798251882
109,10,11,0,0.9502755762491464
110,5,2,0,0.9672375064243598
110,8,11,0,0.9616747125761657
110,10,11,0,0.9579698366190722
111,5,2,0,0.9673211154598919
111,9,5,2,0.9556868636082332
111,10,11,0,0.9591518846185141
112,5,2,0,0.9713924294609746
112,9,5,2,0.9601522575259639
112,10,11,0,0.9557274137727176
113,5,2,0,0.9740089225128679
113,9,5,2,0.963189909074916
114,5,2,0,0.9751813539616621
114,9,5,2,0.966388038845451
115,5,2,0,0.9750002315322088
115,9,5,2,0.9656086321946606
116,5,2,0,0.9703356327099661
116,9,5,2,0.9606212401647151
117,5,2,0,0.953126085731346
117,6,12,1,0.9577394957250024
117,9,5,2,0.9629672660902286
118,2,4,1,0.9501313493974338
118,6,12,0,0.9699719070148378
118,9,5,2,0.9648602314491856
119,2,4,1,0.9539523071077128
119,6,12,0,0.9768012566643643
119,9,5,2,0.9647353958704119
120,2,4,1,0.9570201861698349
120,6,12,0,0.9723498636798745
120,9,5,2,0.9666904600029101
121,2,4,1,0.962214229829713
121,6,12,0,0.9638305444066989
121,9,5,2,0.9703017486570021
122,2,4,1,0.9650783345737397
122,4,7,2,0.9713071603767779
122,6,12,1,0.9603318339225525
122,9,5,2,0.9715359990836924
123,2,4,1,0.9638449700001236
123,4,7,2,0.975155502343035
123,6,12,1,0.9619465109058001
124,2,4,1,0.9643537801976664
124,4,7,2,0.964842417843111
124,6,12,1,0.9650769233644034
125,2,4,1,0.9643613977634821
125,6,12,1,0.9690575526546716
126,2,4,1,0.9662010988186215
126,6,12,1,0.9681919346138257
127,2,4,1,0.9764469267301282
127,6,12,1,0.9576136940212192
128,2,4,1,0.983701707953315
129,2,4,1,0.9684551153801296
132,6,12,1,0.9544602150428552
132,11,2,0,0.9755168621805965
133,4,7,0,0.9508916373797672
133,6,12,1,0.9513390351928231
133,11,2,0,0.9861053555970638
134,4,7,0,0.9596795420540872
134,11,2,0,0.9848800004130001
135,4,7,0,0.9677488887344752
135,11,2,0,0.9578809564939911
136,4,7,0,0.9714809746086887
137,2,4,2,0.9604043457732073
137,4,7,0,0.9727995290872335
138,2,4,2,0.9608001070629116
138,4,7,0,0.9655621811301045
138,9,1,1,0.9647579452197681
139,2,4,2,0.9613296848675449
139,4,2,3,0.953566280374059
139,4,7,0,0.953538785586239
139,9,1,1,0.9709166015492735
140,2,4,2,0.964184961316014
140,4,2,3,0.9606825520059877
140,9,1,1,0.9708168559706749
141,2,4,3,0.969027884787187
141,4,2,3,0.969027884787187
142,2,4,3,0.9724859087725334
142,2,7,0,0.9503366023392291
142,4,2,3,0.9724859087725334
143,2,4,3,0.9726063094721147
143,2,7,0,0.9532056732184938
143,4,2,3,0.9726063094721147
144,2,4,3,0.9686791850773001
144,2,7,0,0.9529569076399815
144,4,2,3,0.9686791850773001
144,5,6,0,0.9520959100561586
145,2,4,2,0.9705422331747862
145,2,7,0,0.9585215323560108
145,4,2,3,0.9653847254324808
145,5,6,0,0.9568235333954522
145,9,3,2,0.9507177199479037
146,2,4,2,0.9698690935891275
146,2,7,0,0.9620772443378515
146,4,2,3,0.9652393362078473
146,5,6,0,0.9583282019876458
146,9,3,2,0.9515976224568359
147,2,4,2,0.9668863869422607
147,2,7,0,0.9662323958425053
147,4,2,3,0.965582226680492
147,5,6,0,0.9608733217157831
147,9,3,2,0.9519646524517845
148,2,4,3,0.9663754927657592
148,2,7,0,0.9693691451351067
148,4,2,3,0.9663754927657592
148,5,6,0,0.9635841426421313
148,9,3,2,0.9524304209267208
149,2,4,3,0.9660498284316569
149,2,5,0,0.9658577075511735
149,2,7,1,0.9717140924666668
149,4,2,3,0.9660498284316569
149,5,6,0,0.9623568071602177
149,6,12,1,0.9680017426987875
149,7,1,0,0.9541387118483821
150,2,4,3,0.9644047830901308
150,2,5,1,0.9669268945694486
150,2,7,1,0.9741599835628654
150,4,2,3,0.9644047830901308
150,5,6,0,0.9603940219011144
150,6,12,1,0.9717444955251981
150,7,1,0,0.9602640677306321
150,7,2,3,0.9555424190725883
150,7,5,0,0.9583992120446018
151,2,1,1,0.9624544358868659
151,2,4,3,0.9644572479955299
151,2,5,1,0.9731726398738298
151,2,7,0,0.9732741196552166
151,4,2,3,0.9644572479955299
151,4,5,2,0.9574031434121094
151,5,6,0,0.9591964066423674
151,6,12,1,0.9742886288481689
151,7,1,1,0.961377672838811
151,7,2,3,0.95721294086898
151,7,5,1,0.968913933490505
152,1,2,0,0.9624459098212553
152,1,5,1,0.9662471133696928
152,1,7,0,0.9564964973037787
152,2,1,2,0.9684054663790492
152,2,4,3,0.9681634066784398
152,2,5,2,0.9812830034482807
152,2,7,0,0.9736153119870282
152,4,2,3,0.9681634066784398
152,4,10,3,0.9524932486514008
152,5,2,3,0.9651334584713782
152,5,6,0,0.9609782909258997
152,5,7,3,0.9695123687726664
152,6,12,1,0.9724188113955342
152,7,1,1,0.9629332491080251
152,7,2,3,0.9553636677880658
152,7,5,2,0.9722641862278844
152,10,2,2,0.9502925232654178
152,10,4,2,0.9570505185723607
153,1,2,3,0.9683631116137532
153,1,5,2,0.9859018331300049
153,1,7,0,0.9731870139765124
153,2,1,2,0.970899299838053
153,2,4,3,0.9648075037893385
153,2,5,3,0.9837935034872223
153,2,7,0,0.9736987095991226
153,2,10,3,0.9563847779421114
153,4,2,3,0.9648075037893385
153,4,10,3,0.9656362093502524
153,5,1,3,0.9794806958029086
153,5,2,3,0.9837935034872223
153,5,6,0,0.9647796893070761
153,5,7,0,0.9775571493543858
153,6,12,1,0.9691630249590646
153,7,1,2,0.9630059833280554
153,7,2,3,0.95149490497005
153,7,5,3,0.9717397036957027
153,7,6,0,0.9612347427992715
153,10,2,3,0.9563847779421114
153,10,4,3,0.9656362093502524
154,1,2,3,0.971048374937713
154,1,5,2,0.9890470691370319
154,1,6,0,0.9692907177709009
154,1,7,0,0.9724471870691287
154,2,1,3,0.971048374937713
154,2,4,3,0.9610562574380848
154,2,5,3,0.986382103866866
154,2,7,0,0.9736120035978474
154,2,10,3,0.9532432001721397
154,4,2,3,0.9610562574380848
154,4,10,3,0.9567563502440659
154,5,1,3,0.9876270772561426
154,5,2,3,0.986382103866866
154,5,6,0,0.9675998757615101
154,5,7,0,0.9830783840819352
154,6,12,1,0.9641413332762666
154,7,1,0,0.9652188761455902
154,7,2,0,0.9712653647025995
154,7,5,0,0.9711061360692222
154,7,6,0,0.9606557716132833
154,10,2,3,0.9532432001721397
154,10,4,3,0.9567563502440659
155,1,2,1,0.9751007504096182
155,1,4,0,0.957878037540117
155,1,5,2,0.9899020678794554
155,1,6,1,0.9708656089205017
155,1,7,0,0.9736492417994367
155,2,1,3,0.9704968052841648
155,2,4,3,0.960469595819293
155,2,5,3,0.9865421314888837
155,2,7,0,0.9733465491352853
155,2,11,0,0.9595182412185922
155,4,2,3,0.960469595819293
155,5,1,3,0.9873962330076095
155,5,2,3,0.9865421314888837
155,5,4,0,0.9619894133573976
155,5,6,0,0.9709012520332592
155,5,7,0,0.984466189588908
155,5,12,0,0.9512343638866552
155,6,12,1,0.9634007886946814
155,7,1,0,0.9747328852380502
155,7,2,0,0.9812732205271997
155,7,4,0,0.953228910427311
155,7,5,0,0.9766150644819457
155,7,6,0,0.9608908249960426
155,7,12,0,0.9503515523802933
156,1,2,1,0.9811474501766855
156,1,4,0,0.9625093411014239
156,1,5,2,0.990583699483428
156,1,6,1,0.9746383459880813
156,1,7,0,0.9749867618493131
156,1,11,0,0.9624821107891687
156,1,12,0,0.9688220501103992
156,2,1,3,0.974398459065381
156,2,4,2,0.9607201218686308
156,2,5,3,0.9892220103323243
156,2,6,0,0.9602925484170325
156,2,7,0,0.9749847058912183
156,2,11,0,0.9673766798805532
156,2,12,0,0.9554979587737168
156,4,2,3,0.9605804458426802
156,4,7,2,0.9536745659933804
156,5,1,3,0.9894579660157213
156,5,2,2,0.9905243464431545
156,5,4,0,0.9622733955989582
156,5,6,0,0.9739719181834782
156,5,7,0,0.9838112259031622
156,5,11,0,0.9615148809548584
156,5,12,0,0.976482146236576
156,6,4,0,0.9529305798813443
156,6,12,1,0.9641027278447353
156,7,1,0,0.9764476722485209
156,7,2,0,0.983784105226192
156,7,4,1,0.9649545232555728
156,7,5,0,0.9806877392818285
156,7,6,0,0.9614058030415074
156,7,11,0,0.9642831131143951
156,7,12,0,0.968787797260452
157,1,2,2,0.9836058035462611
157,1,4,0,0.9633626976202797
157,1,5,2,0.9906608756957003
157,1,6,1,0.9781682578893142
157,1,7,0,0.9733810057020065
157,1,11,0,0.9670517077350389
157,1,12,0,0.9782017089136847
157,2,1,3,0.9801220139393695
157,2,4,3,0.9619221588099217
157,2,5,3,0.992427236254451
157,2,6,0,0.9723811455920696
157,2,7,0,0.9775194225991213
157,2,11,0,0.9650348489841725
157,2,12,0,0.9830007156110881
157,4,2,2,0.9630016984271887
157,4,5,3,0.9501940543695984
157,4,7,2,0.9733562927100018
157,5,1,3,0.989354617118611
157,5,2,3,0.992427236254451
157,5,4,0,0.9589826033724214
157,5,6,0,0.975682566051205
157,5,7,0,0.9778004027943
157,5,11,0,0.9622141318966341
157,5,12,0,0.986864400632878
157,6,1,0,0.9640960599611235
157,6,2,0,0.9549833066049336
157,6,4,0,0.9724910587791371
157,6,5,0,0.9662088544243947
157,6,7,0,0.969974307650619
157,6,12,2,0.9657213618609325
157,7,1,0,0.9755583484732467
157,7,2,0,0.9851587536863315
157,7,4,2,0.9776822212265329
157,7,5,0,0.9815773459108835
157,7,6,0,0.9606057508727972
157,7,11,0,0.9740675207724518
157,7,12,0,0.9733814861594627
158,1,2,2,0.9842950539404463
158,1,4,0,0.968133544818489
158,1,5,2,0.9933279954234926
158,1,6,1,0.9835511576945266
158,1,7,0,0.9734413752936585
158,1,11,0,0.9661309741024484
158,1,12,0,0.9821937979848744
158,2,1,3,0.982261103864495
158,2,4,3,0.9648029518914977
158,2,5,3,0.9924022735656928
158,2,6,0,0.9785578160699371
158,2,7,0,0.9800308547858285
158,2,11,0,0.9645264413376041
158,2,12,0,0.9889522225733619
158,4,2,1,0.9702458100508726
158,4,5,3,0.9550868665315553
158,4,7,2,0.9858708709113754
158,4,12,0,0.9540932858443711
158,5,1,3,0.9908551085271081
158,5,2,3,0.9924022735656928
158,5,4,0,0.9618338366911041
158,5,6,0,0.9786772297145263
158,5,7,0,0.9746730944108031
158,5,11,2,0.9603399517673412
158,5,12,0,0.9894662799275215
158,6,1,3,0.9681526506632567
158,6,2,0,0.9615191904622038
158,6,4,0,0.9735754819090323
158,6,5,0,0.9721086459790065
158,6,7,0,0.9765827052364675
158,6,11,1,0.9621295417710101
158,6,12,2,0.9711805210559498
158,7,1,0,0.9731206215390817
158,7,2,0,0.9843530131520767
158,7,4,3,0.9844304077379468
158,7,5,0,0.9812063419188541
158,7,6,3,0.9586607083195472
158,7,11,0,0.9759195592284221
158,7,12,0,0.971242302964357
158,11,1,0,0.9530568286053532
158,11,2,3,0.9500339996234171
158,11,5,3,0.9518537740086507
158,11,12,0,0.9560944343796854
158,12,1,1,0.9580294142300189
158,12,5,0,0.9560550489107222
158,12,6,2,0.9714395823150135
159,1,2,2,0.983476178077085
159,1,4,0,0.9725332040109836
159,1,5,2,0.9926386798268172
159,1,6,1,0.9860705697146864
159,1,7,0,0.9732750155291188
159,1,11,2,0.9648718239132861
159,1,12,0,0.9825723200893207
159,2,1,3,0.9808927257892395
159,2,4,3,0.9647413739512909
159,2,5,3,0.9906589802648097
159,2,6,0,0.981114688709659
159,2,7,0,0.9807507910174738
159,2,11,0,0.9646145041998992
159,2,12,0,0.9868753139821211
159,4,2,1,0.9699949474390621
159,4,5,0,0.9560588109523737
159,4,7,2,0.9882131060984085
159,4,12,0,0.9515268809993542
159,5,1,3,0.9913640373660673
159,5,2,3,0.9906589802648097
159,5,4,0,0.9695870093823609
159,5,6,0,0.9846888115731415
159,5,7,0,0.9758400818645181
159,5,11,3,0.9622589876830625
159,5,12,0,0.9898289731532863
159,6,1,3,0.9728871485505745
159,6,2,0,0.9621688372433128
159,6,4,0,0.972717365888674
159,6,5,0,0.9734054815127292
159,6,7,0,0.9784660123761992
159,6,11,1,0.9679134433278782
159,6,12,3,0.9789127392240596
159,7,1,0,0.9710543906635745
159,7,2,0,0.9815203136926619
159,7,4,3,0.985928674452206
159,7,5,0,0.981818697427723
159,7,6,3,0.9599796890259886
159,7,11,0,0.9769585352694996
159,7,12,0,0.9692925527094606
159,11,1,0,0.9820165704523838
159,11,2,3,0.9607118427007235
159,11,5,0,0.9733518273395089
159,11,6,0,0.956495392703504
159,11,12,1,0.9678604415065735
159,12,1,2,0.9777269355026627
159,12,2,0,0.9648867283604446
159,12,4,0,0.9555821042770218
159,12,5,0,0.9727870806271445
159,12,6,2,0.9867269709947202
159,12,7,3,0.9628113852738681
159,12,11,0,0.9682862347000577
160,1,2,2,0.9833580528508526
160,1,4,0,0.9736322807968882
160,1,5,3,0.9921213536635565
160,1,6,1,0.9878760550130032
160,1,7,0,0.9751995673842552
160,1,11,3,0.9714061867402963
160,1,12,0,0.9845720417717543
160,2,1,3,0.9815113347278998
160,2,4,0,0.969173324836791
160,2,5,3,0.989728837538967
160,2,6,0,0.9827452049397009
160,2,7,0,0.9800027189558984
160,2,11,0,0.9644537546932679
160,2,12,0,0.9874267962002516
160,4,2,1,0.968156242231648
160,4,5,0,0.9560278400044304
160,4,7,2,0.9882124285693578
160,4,12,0,0.9535998792608283
160,5,1,3,0.9921213536635565
160,5,2,3,0.989728837538967
160,5,4,0,0.9754948365376132
160,5,6,0,0.9877385963234209
160,5,7,0,0.9760606572126831
160,5,11,3,0.9662112961145309
160,5,12,0,0.9908156118217615
160,6,1,3,0.9739930288478182
160,6,2,0,0.9636980324105374
160,6,4,0,0.9713153166091911
160,6,5,0,0.9742864148163544
160,6,7,0,0.9801679450754215
160,6,11,1,0.9696489599655383
160,6,12,3,0.9823855587889738
160,7,1,0,0.9701971136257757
160,7,2,0,0.9773018101398689
160,7,4,3,0.9855228094388266
160,7,5,0,0.9809530232232002
160,7,6,3,0.9563080567865188
160,7,11,0,0.9744465100492257
160,7,12,0,0.9702016312612982
160,11,1,0,0.9886442945014766
160,11,2,3,0.963063286039461
160,11,5,1,0.9852449911392516
160,11,6,0,0.9664197368506081
160,11,7,3,0.9561995858701889
160,11,12,0,0.9720254193307526
160,12,1,3,0.982181163693229
160,12,2,3,0.9717920224542661
160,12,4,0,0.9546745815325035
160,12,5,0,0.9788914067534269
160,12,6,2,0.9904965689179147
160,12,7,0,0.9692295374925263
160,12,11,0,0.9810180069692607
161,1,2,2,0.9831643387709837
161,1,4,0,0.9745501468326239
161,1,5,3,0.9895876357821505
161,1,6,1,0.9877111997719142
161,1,7,0,0.9759686446881013
161,1,11,3,0.9711773555750618
161,1,12,1,0.9874543152346446
161,2,1,3,0.9810092068235604
161,2,4,0,0.9722084662808818
161,2,5,3,0.9880887311875959
161,2,6,0,0.9810260496597624
161,2,7,0,0.979245009530885
161,2,11,0,0.9648992470576515
161,2,12,0,0.9856393100360147
161,4,2,1,0.9695510764377612
161,4,5,0,0.9566456651387016
161,4,7,2,0.9892764879312951
161,4,12,0,0.9559033090187632
161,5,1,3,0.9895876357821505
161,5,2,3,0.9880887311875959
161,5,4,0,0.9787657004118981
161,5,6,0,0.9881294492544517
161,5,7,0,0.9750296181434513
161,5,11,3,0.9685757091600044
161,5,12,0,0.9904115228113463
161,6,1,3,0.973575330043513
161,6,2,0,0.9634395147788445
161,6,4,0,0.9702728869955515
161,6,5,0,0.9749258626026374
161,6,7,0,0.9803911664224706
161,6,11,1,0.9716319454513466
161,6,12,3,0.9823937020244138
161,7,1,0,0.9684196213314884
161,7,2,1,0.9735539272258925
161,7,4,3,0.9843799555887945
161,7,5,0,0.9779699581165373
161,7,6,0,0.9557486258113795
161,7,11,0,0.9733405421391238
161,7,12,0,0.9685588215186733
161,11,1,1,0.9868265477032773
161,11,2,3,0.9621724517623356
161,11,5,1,0.9873949956246183
161,11,6,0,0.9673529771282112
161,11,7,3,0.9573822331240052
161,11,12,0,0.9689542111491731
161,12,1,0,0.9827084382798067
161,12,2,3,0.9720785942448062
161,12,4,0,0.9541993832081895
161,12,5,0,0.9796425085727569
161,12,6,2,0.9905807741519175
161,12,7,0,0.9692453154688562
161,12,11,0,0.9831619231571261
162,1,2,2,0.9834848086515732
162,1,4,0,0.9771036270775734
162,1,5,3,0.9891622159282718
162,1,6,1,0.9869716475208793
162,1,7,0,0.9767817461416836
162,1,11,0,0.9715545896709572
162,1,12,0,0.9900062947219865
162,2,1,3,0.9797771943887855
162,2,4,0,0.9743287188709913
162,2,5,3,0.9846894152341272
162,2,6,0,0.9822007974506864
162,2,7,0,0.9792534518883745
162,2,11,0,0.9694054004020543
162,2,12,0,0.985276999554446
162,4,2,2,0.9700506860342404
162,4,5,0,0.9589641685864942
162,4,7,2,0.9913564921354805
162,4,11,0,0.9543088259228614
162,4,12,0,0.9605219672984968
162,5,1,3,0.9891622159282718
162,5,2,3,0.9846894152341272
162,5,4,0,0.9804629055232774
162,5,6,0,0.9914340507770805
162,5,7,0,0.9762377867664089
162,5,11,3,0.9722706359125888
162,5,12,0,0.9899824520787881
162,6,1,0,0.9748448848272968
162,6,2,3,0.9653436050042911
162,6,4,0,0.9702997345911271
162,6,5,0,0.9774727665975423
162,6,7,0,0.9790662043083459
162,6,11,1,0.9742426702324563
162,6,12,3,0.9863448229433349
162,7,1,0,0.967382193430981
162,7,2,2,0.9692694031070991
162,7,4,3,0.9870998508952303
162,7,5,0,0.9766962473713411
162,7,6,0,0.9578356662091403
162,7,11,0,0.973315662637689
162,7,12,0,0.9685183620539208
162,11,1,1,0.9841867664276052
162,11,2,3,0.9647925312986512
162,11,4,0,0.9532202879302099
162,11,5,1,0.9855760628669491
162,11,6,0,0.9707154151799824
162,11,7,3,0.9575735609545296
162,11,12,0,0.9693483539738005
162,12,1,3,0.9835270234698302
162,12,2,3,0.9768295945008147
162,12,4,0,0.962746840074242
162,12,5,0,0.9803232454186153
162,12,6,2,0.9918999556388789
162,12,7,0,0.9736506854005627
162,12,11,0,0.9813380231851098
163,1,2,2,0.9797123870673278
163,1,4,0,0.9796300626734968
163,1,5,3,0.9894889567126424
163,1,6,1,0.9877168133074034
163,1,7,0,0.9820464564699238
163,1,11,0,0.9753947834967556
163,1,12,1,0.9897775517266434
163,2,1,3,0.9792754860989299
163,2,4,0,0.9763867729819076
163,2,5,3,0.9836327711657334
163,2,6,0,0.9852653110235311
163,2,7,0,0.9806963348294903
163,2,11,0,0.9791466597991147
163,2,12,0,0.9861917002041706
163,4,1,0,0.9521638665884187
163,4,2,3,0.9667976231696976
163,4,5,0,0.9647182130345247
163,4,7,2,0.9921240997217969
163,4,11,0,0.9669379596330028
163,4,12,0,0.9637122158235075
163,5,1,2,0.9903761658143829
163,5,2,3,0.9836327711657334
163,5,4,0,0.9802595962338962
163,5,6,0,0.9940113612540438
163,5,7,0,0.9786087529151531
163,5,11,3,0.9742553225408629
163,5,12,0,0.9903771354582229
163,6,1,0,0.976740380189516
163,6,2,3,0.9681896098800977
163,6,4,0,0.9681726748688142
163,6,5,0,0.9795125267020658
163,6,7,0,0.9816934149945062
163,6,11,1,0.9766716366534587
163,6,12,3,0.9935786384323886
163,7,1,0,0.9678117854977788
163,7,2,3,0.9707569768942871
163,7,4,3,0.9898156978270686
163,7,5,0,0.9768342560648597
163,7,6,0,0.9613202548042437
163,7,11,0,0.9753517446986968
163,7,12,0,0.9706597624343392
163,11,1,0,0.9808889951304253
163,11,2,3,0.9671182101944006
163,11,4,0,0.9546122066125378
163,11,5,1,0.9837711876887115
163,11,6,0,0.9705986885747256
163,11,7,3,0.9572017355708611
163,11,12,0,0.9685088768956656
163,12,1,3,0.9842459424913218
163,12,2,3,0.9795098657426904
163,12,4,0,0.9710282902605629
163,12,5,0,0.9826116717852782
163,12,6,3,0.9935786384323886
163,12,7,0,0.9840512106345529
163,12,11,0,0.9839297387210924
164,1,2,3,0.9807097508347156
164,1,4,0,0.9840251331766154
164,1,5,3,0.9907839155021938
164,1,6,1,0.9879199138322949
164,1,7,0,0.9874814789375836
164,1,11,0,0.9746115978706213
164,1,12,1,0.9907776596952114
164,2,1,3,0.9807097508347156
164,2,4,0,0.9777820238806769
164,2,5,2,0.9833451240244203
164,2,6,0,0.9854388485337443
164,2,7,0,0.9801294648478324
164,2,11,0,0.9849684641180203
164,2,12,0,0.98515086107525
164,4,1,3,0.9571560054296679
164,4,2,3,0.9677547288767305
164,4,5,0,0.9732828911933933
164,4,6,0,0.9590545193457476
164,4,7,2,0.992447816759651
164,4,11,0,0.9804140411035901
164,4,12,3,0.9685608373146201
164,5,1,2,0.9918798642339669
164,5,2,3,0.9825703137816263
164,5,4,0,0.980965920859325
164,5,6,0,0.995020157407273
164,5,7,0,0.9801033421334979
164,5,11,3,0.9745936241918544
164,5,12,0,0.9903682747313111
164,6,1,0,0.977585972205011
164,6,2,3,0.9595618105714018
164,6,4,0,0.9632952432473932
164,6,5,0,0.9807260784089513
164,6,7,0,0.9805082128450522
164,6,11,1,0.9775430820010353
164,6,12,3,0.9916210696476917
164,7,1,0,0.9659000163399634
164,7,2,3,0.9722183328166085
164,7,4,3,0.9916914068603895
164,7,5,0,0.9772404827796569
164,7,6,0,0.9671946603782262
164,7,11,0,0.9792753117854515
164,7,12,0,0.9719595576075873
164,11,1,1,0.9810930661728273
164,11,2,3,0.9666242208153999
164,11,4,0,0.9540070226893845
164,11,5,1,0.9831834249765328
164,11,6,0,0.9738293282801581
164,11,7,3,0.9575597720042069
164,11,12,0,0.9688057014446587
164,12,1,3,0.984222762574874
164,12,2,3,0.9790255379295255
164,12,4,2,0.9752583960656475
164,12,5,0,0.9834015689919176
164,12,6,2,0.9919863502007468
164,12,7,0,0.9879992987569947
164,12,11,0,0.9838696172674319
165,1,2,3,0.9787924638284059
165,1,4,0,0.9864428500418086
165,1,5,3,0.9906951477332407
165,1,6,1,0.9892855119796082
165,1,7,0,0.9899562517588287
165,1,11,0,0.9728321158376682
165,1,12,0,0.9917858378773009
165,2,1,3,0.9787924638284059
165,2,4,0,0.9778465177938269
165,2,5,3,0.9790990379114686
165,2,6,0,0.9817960147761001
165,2,7,0,0.9785996453698834
165,2,11,0,0.9847786549444171
165,2,12,0,0.9797304853754288
165,4,1,3,0.9687834638010695
165,4,2,3,0.9718005482407275
165,4,5,0,0.9808456678814752
165,4,6,1,0.9671561062292019
165,4,7,2,0.9927301877084873
165,4,11,1,0.9881883910249746
165,4,12,3,0.9790447944113269
165,5,1,2,0.9911897459742017
165,5,2,3,0.9790990379114686
165,5,4,0,0.9810301816169898
165,5,6,0,0.9946159780951294
165,5,7,0,0.98004481783596
165,5,11,3,0.97446799218347
165,5,12,0,0.9903378195262001
165,6,1,0,0.9794106628870807
165,6,2,3,0.952900487385737
165,6,4,2,0.9642473678516481
165,6,5,0,0.9878842941035109
165,6,7,1,0.9835670111323644
165,6,11,2,0.977828365486952
165,6,12,3,0.9908398256620633
165,7,1,0,0.9673831634584974
165,7,2,3,0.9705223375615989
165,7,4,3,0.9919001411241959
165,7,5,0,0.9822489516549028
165,7,6,0,0.9712779376949671
165,7,11,1,0.986182549422563
165,7,12,3,0.9753201542825569
165,11,1,1,0.9768814039154413
165,11,2,3,0.9636145322674257
165,11,4,0,0.9553645213918546
165,11,5,1,0.983205255245048
165,11,6,0,0.9753383428579665
165,11,7,3,0.9649589176275811
165,11,12,0,0.97047431375913
165,12,1,3,0.9862491892563676
165,12,2,3,0.9763836068855836
165,12,4,2,0.9809903910801384
165,12,5,0,0.9893445697504473
165,12,6,2,0.9923282654293453
165,12,7,1,0.9900173995757171
165,12,11,1,0.9860387367134597
166,1,2,0,0.971469533795012
166,1,4,0,0.9819133467099862
166,1,5,3,0.990516667182672
166,1,6,1,0.9889173091852145
166,1,7,0,0.9886883166470478
166,1,11,3,0.9687960775719422
166,1,12,0,0.9929575113904596
166,2,1,3,0.9697046364713452
166,2,4,2,0.9787879325683367
166,2,5,3,0.9717383222326809
166,2,6,0,0.9768673365625206
166,2,7,1,0.9768410566939109
166,2,11,0,0.9867614345006662
166,2,12,2,0.9732816918064624
166,4,1,3,0.9714840659212045
166,4,2,3,0.976360065352501
166,4,5,0,0.9849747953326435
166,4,6,2,0.975012857124982
166,4,7,2,0.9926002158973619
166,4,11,1,0.9922322231700236
166,4,12,3,0.9832062913578465
166,5,1,3,0.990516667182672
166,5,2,3,0.9717383222326809
166,5,4,1,0.9778333767170252
166,5,6,0,0.9948131161358964
166,5,7,0,0.9795687208912821
166,5,11,3,0.9750737218055072
166,5,12,0,0.991552730425352
166,6,1,0,0.9800758795590674
166,6,2,0,0.9562235682938552
166,6,4,3,0.971023951237884
166,6,5,0,0.9897728860992772
166,6,7,1,0.98497849872729
166,6,11,2,0.976273823206885
166,6,12,3,0.9913815065409283
166,7,1,0,0.9716435845424812
166,7,2,3,0.9725876905906904
166,7,4,3,0.9900321368827867
166,7,5,1,0.9888111519238989
166,7,6,0,0.9772889471368085
166,7,11,2,0.9916415449277576
166,7,12,3,0.9807417951773997
166,11,1,0,0.9764847890521621
166,11,2,3,0.9633194587447055
166,11,4,3,0.9650583156136899
166,11,5,1,0.9856413007713528
166,11,6,0,0.9788654149416837
166,11,7,3,0.9810908120696566
166,11,12,0,0.9744976268691586
166,12,1,3,0.9867214086565311
166,12,2,3,0.9732120112371349
166,12,4,3,0.9832062913578465
166,12,5,0,0.990802666088699
166,12,6,2,0.9923140543890315
166,12,7,1,0.9901717816819497
166,12,11,1,0.9820040716035051
167,1,2,0,0.9758736629761711
167,1,4,1,0.9722249571822184
167,1,5,3,0.9865650878146531
167,1,6,0,0.9840384090091843
167,1,7,0,0.9845761414109429
167,1,11,0,0.9643880429467183
167,1,12,1,0.9926787862088442
167,2,1,3,0.9514251823380101
167,2,4,3,0.9771754513181866
167,2,5,2,0.9672998114094032
167,2,6,0,0.9715386498360421
167,2,7,2,0.9747840553047872
167,2,11,1,0.9845128558015659
167,2,12,3,0.9684988466670238
167,4,1,3,0.9674419230883301
167,4,2,3,0.9771754513181866
167,4,5,0,0.9878779889893688
167,4,6,2,0.9766534871595106
167,4,7,2,0.9932296032764143
167,4,11,1,0.9926291437376373
167,4,12,3,0.9834691540159006
167,5,1,3,0.9865650878146531
167,5,2,3,0.9668819039272936
167,5,4,1,0.9737144525488346
167,5,6,0,0.9962422334201405
167,5,7,3,0.9782974362312561
167,5,11,3,0.9735858393535414
167,5,12,0,0.9918058299843486
167,6,1,0,0.981146224331349
167,6,2,1,0.9539613679318178
167,6,4,3,0.9753258855404018
167,6,5,0,0.9896973403562161
167,6,7,1,0.9862358954176239
167,6,11,2,0.9725407611692479
167,6,12,3,0.9928738656412615
167,7,1,0,0.9732767182704307
167,7,2,3,0.973299069871834
167,7,4,3,0.9892896215715037
167,7,5,1,0.9918752460225304
167,7,6,0,0.9819523225109499
167,7,11,2,0.9912791825240677
167,7,12,3,0.9824111872059311
167,11,1,0,0.9773738361753878
167,11,2,3,0.9647053083139997
167,11,4,3,0.9749095466513535
167,11,5,1,0.9872796709875689
167,11,6,0,0.9821877213951318
167,11,7,3,0.9900495333449301
167,11,12,0,0.9749286373711333
167,12,1,3,0.9862667290466666
167,12,2,1,0.9694999929658408
167,12,4,3,0.9834691540159006
167,12,5,0,0.9909870903438592
167,12,6,3,0.9928738656412615
167,12,7,1,0.9898010296336712
167,12,11,1,0.9784965849970289
168,1,2,1,0.9656224398107534
168,1,4,2,0.9627149314632758
168,1,5,3,0.9815608673817923
168,1,6,0,0.9828534091019834
168,1,7,0,0.9815730444823638
168,1,11,0,0.9645939581402412
168,1,12,1,0.990860335837187
168,2,4,0,0.9769832805346694
168,2,5,2,0.9666370131539844
168,2,6,0,0.967742996632089
168,2,7,3,0.9753907860572691
168,2,11,1,0.9828539729304544
168,2,12,3,0.9651950630772644
168,3,10,2,0.9699366214117254
168,4,1,3,0.9624308464174025
168,4,2,3,0.9769616737419793
168,4,5,0,0.9889946488693234
168,4,6,3,0.9756153095385742
168,4,7,2,0.9936553766769219
168,4,11,1,0.9923261089490961
168,4,12,3,0.9811249166020184
168,5,1,2,0.9841763472253455
168,5,2,3,0.9656070692946044
168,5,4,0,0.9719581692279473
168,5,6,0,0.9957495457170593
168,5,7,3,0.9811437088425572
168,5,11,3,0.9725620389957768
168,5,12,0,0.9923445338393241
168,6,1,0,0.9786211414846604
168,6,4,3,0.9756153095385742
168,6,5,0,0.9900844970399659
168,6,7,1,0.9862482969179853
168,6,11,2,0.96980314598623
168,6,12,3,0.9936309651079506
168,7,1,1,0.9715780121602489
168,7,2,3,0.9753907860572691
168,7,4,3,0.9894619192013366
168,7,5,1,0.9922912444727481
168,7,6,0,0.9830375590993791
168,7,11,2,0.9889852908391213
168,7,12,3,0.9820949793282648
168,11,1,0,0.9679469168690873
168,11,2,3,0.9675556580935056
168,11,4,3,0.9752239943082213
168,11,5,1,0.9857283285098697
168,11,6,0,0.9786125980705052
168,11,7,3,0.9885285025542273
168,11,12,0,0.9710015665266499
168,12,1,3,0.9856556645857407
168,12,2,2,0.9676500872860777
168,12,4,3,0.9811249166020184
168,12,5,0,0.9914673195362459
168,12,6,3,0.9936309651079506
168,12,7,0,0.989956845786974
168,12,11,1,0.9763985834399679
169,1,4,0,0.9596688395344289
169,1,5,3,0.9804912636836173
169,1,6,0,0.9831214137331694
169,1,7,0,0.9814411342608615
169,1,11,0,0.9646754193733672
169,1,12,2,0.9897464418482463
169,2,4,0,0.9782221196860749
169,2,5,2,0.9694086648970432
169,2,6,0,0.9675784624220108
169,2,7,2,0.9769113331702433
169,2,11,1,0.9827180063765473
169,2,12,3,0.9643979374260871
169,3,10,2,0.9714930893843962
169,4,1,3,0.9585721190569989
169,4,2,3,0.9764849609504108
169,4,5,0,0.9879737703140841
169,4,6,2,0.9733850438423558
169,4,7,2,0.992691663808987
169,4,11,1,0.9906434151149865
169,4,12,3,0.9770105042923434
169,5,1,2,0.9842132602400421
169,5,2,3,0.9662880802332231
169,5,4,0,0.9717919673323411
169,5,6,0,0.9952341061833703
169,5,7,3,0.9814698373601178
169,5,11,3,0.9716498741301407
169,5,12,0,0.992785222223932
169,6,1,1,0.9806340970739874
169,6,4,3,0.9725431744656263
169,6,5,0,0.9908530826130646
169,6,7,0,0.9851629254488626
169,6,11,2,0.9675314147192554
169,6,12,3,0.9929343620763457
169,7,1,2,0.9678987525450898
169,7,2,3,0.9762059951840705
169,7,4,3,0.988986907743519
169,7,5,1,0.9927510260054734
169,7,6,0,0.9823122785541947
169,7,11,2,0.9892493672941376
169,7,12,3,0.9813140162808813
169,10,3,3,0.9659604865562789
169,11,1,0,0.9530793794870789
169,11,2,3,0.9653823144366316
169,11,4,3,0.9771209542785461
169,11,5,1,0.9837437316267121
169,11,6,0,0.9736340574255993
169,11,7,3,0.9871259802588719
169,11,12,0,0.9660538128029186
169,12,1,3,0.9863602393439521
169,12,2,2,0.9655802801205644
169,12,4,3,0.9770105042923434
169,12,5,0,0.9919421286813412
169,12,6,3,0.9929343620763457
169,12,7,0,0.9912318206121469
169,12,11,0,0.9762024421747333
170,1,4,1,0.959910180293317
170,1,5,3,0.9802859370361099
170,1,6,0,0.9833507173560432
170,1,7,0,0.983688254099949
170,1,11,0,0.9638703542449012
170,1,12,2,0.9898767104310153
170,2,4,0,0.9763055877542092
170,2,5,0,0.9617124819151834
170,2,6,0,0.9625734404867232
170,2,7,2,0.9731414799277416
170,2,11,1,0.9813500697800286
170,2,12,3,0.9614150195076825
170,3,10,3,0.9528240916023376
170,4,1,3,0.9567401749646949
170,4,2,3,0.9630497984557029
170,4,5,0,0.9864540613928272
170,4,6,3,0.9715403615101434
170,4,7,2,0.9904054239601812
170,4,11,2,0.9883238494088942
170,4,12,3,0.9739665537075785
170,5,1,3,0.9802859370361099
170,5,2,3,0.9560531959713893
170,5,4,1,0.9742065585634042
170,5,6,0,0.9947106042838195
170,5,7,3,0.9836416600410955
170,5,11,3,0.9736967354064648
170,5,12,0,0.9930087930253874
170,6,1,1,0.9822355758589135
170,6,4,3,0.9715403615101434
170,6,5,0,0.9918880817448046
170,6,7,1,0.9864248205146748
170,6,11,1,0.9671114544334125
170,6,12,3,0.9934913437246548
170,7,1,3,0.9663683654749166
170,7,2,3,0.9685844004540152
170,7,4,3,0.9882373072412485
170,7,5,1,0.9936759200704839
170,7,6,0,0.9831928822062892
170,7,11,2,0.9900661449062339
170,7,12,3,0.9804421404892693
170,10,3,3,0.9528240916023376
170,11,2,3,0.9536438710797205
170,11,4,3,0.9808759852713619
170,11,5,1,0.9837360664255672
170,11,6,0,0.9720610484172385
170,11,7,3,0.9885086079102349
170,11,12,0,0.964639869790832
170,12,1,3,0.9869770792470711
170,12,2,3,0.9614150195076825
170,12,4,2,0.9750509597417191
170,12,5,0,0.9918111157069878
170,12,6,3,0.9934913437246548
170,12,7,0,0.9917659870130252
170,12,11,1,0.9750764342846188
171,1,4,2,0.9617013758323956
171,1,5,0,0.9764623688552139
171,1,6,1,0.9803371430183978
171,1,7,0,0.9828007914500431
171,1,11,0,0.9658238810592409
171,1,12,2,0.9898257938826789
171,2,4,0,0.9669720816503273
171,2,11,1,0.9565840418438298
171,4,1,3,0.9540075609787309
171,4,5,0,0.9875115429909057
171,4,6,3,0.9710217459944996
171,4,7,2,0.9890582199333247
171,4,11,2,0.9855777299641466
171,4,12,3,0.9732892319389663
171,5,1,3,0.9753487930322032
171,5,4,2,0.9758020715988569
171,5,6,0,0.9942779288301425
171,5,7,3,0.9867017215018739
171,5,11,3,0.9758221830184824
171,5,12,0,0.9927227265943137
171,6,1,1,0.982895092595373
171,6,4,3,0.9710217459944996
171,6,5,0,0.9911321037002092
171,6,7,1,0.9866214354833658
171,6,11,2,0.9661100806466566
171,6,12,3,0.9928663916002358
171,7,1,0,0.9654844068207991
171,7,4,3,0.9867713455869296
171,7,5,2,0.9946075030835588
171,7,6,0,0.9874655375211263
171,7,11,3,0.9901180399244419
171,7,12,0,0.9832962149589872
171,11,4,3,0.9815908016335112
171,11,5,2,0.9840288433161635
171,11,6,0,0.9744360031215519
171,11,7,3,0.9901180399244419
171,11,12,0,0.9664697067326267
171,12,1,3,0.987682748864837
171,12,4,2,0.9760801535860287
171,12,5,0,0.9920957293382201
171,12,6,3,0.9928663916002358
171,12,7,1,0.9919585446247395
171,12,11,1,0.9744246322113851
172,1,4,2,0.9627584440556836
172,1,5,1,0.9711299865118301
172,1,6,1,0.9772668007220953
172,1,7,1,0.9760914970137933
172,1,11,0,0.9663882324735512
172,1,12,2,0.9868927105420912
172,4,1,3,0.9543221994845863
172,4,5,0,0.9861977097116207
172,4,6,2,0.9732238933767422
172,4,7,2,0.989056657646201
172,4,11,2,0.9835951301216858
172,4,12,3,0.976200373359339
172,5,1,0,0.9732750193357282
172,5,4,3,0.9761379864866725
172,5,6,0,0.9943301633222597
172,5,7,3,0.988854637290978
172,5,11,3,0.9760376351394204
172,5,12,0,0.9925950333985416
172,6,1,1,0.9832993596916597
172,6,4,3,0.9711714900915009
172,6,5,0,0.9880667295498693
172,6,7,1,0.98505465342907
172,6,11,2,0.9648244767694449
172,6,12,3,0.9927187835144822
172,7,1,1,0.9675554884623755
172,7,4,3,0.9863093394341534
172,7,5,2,0.9954939617729477
172,7,6,0,0.9906454013407081
172,7,11,3,0.9900418537149775
172,7,12,0,0.9874002880053468
172,11,4,3,0.9803841017496233
172,11,5,2,0.9833073601695754
172,11,6,0,0.9747262521287134
172,11,7,3,0.9900418537149775
172,11,12,0,0.9677740209362125
172,12,1,3,0.9859778795197627
172,12,4,3,0.976200373359339
172,12,5,0,0.9915407182823709
172,12,6,3,0.9927187835144822
172,12,7,1,0.9930124400354035
172,12,11,1,0.9731155643310931
173,1,4,2,0.9572694955324081
173,1,5,3,0.9698935928289829
173,1,6,2,0.9767795097097808
173,1,7,2,0.9699862524341807
173,1,11,0,0.9625019260137683
173,1,12,2,0.9861294546738664
173,4,1,3,0.95232433150156
173,4,5,2,0.9749225073645568
173,4,6,2,0.9713204500010678
173,4,7,3,0.9842514811543991
173,4,11,2,0.9842862746724126
173,4,12,3,0.9736440045406257
173,5,1,2,0.9728038809116223
173,5,4,3,0.9724751452737735
173,5,6,1,0.9932557202496018
173,5,7,3,0.9898717561315539
173,5,11,3,0.9741373672516519
173,5,12,0,0.9919423722081165
173,6,1,1,0.9816698333417325
173,6,4,3,0.9690493666513328
173,6,5,1,0.9843070959888534
173,6,7,2,0.9850989158505428
173,6,11,3,0.9644362677525016
173,6,12,3,0.9928308583711742
173,7,1,2,0.9680743812250614
173,7,4,3,0.9842514811543991
173,7,5,2,0.9956035021715643
173,7,6,0,0.9896239645909645
173,7,11,3,0.9882852312652292
173,7,12,0,0.9893124808496171
173,11,4,3,0.9807932855468511
173,11,5,2,0.9805313305408797
173,11,6,1,0.96804324524354
173,11,7,3,0.9882852312652292
173,11,12,0,0.9675262609682669
173,12,1,3,0.9855961732954035
173,12,4,3,0.9736440045406257
173,12,5,1,0.9859979619003713
173,12,6,3,0.9928308583711742
173,12,7,2,0.9909930132875715
173,12,11,1,0.9699231597205882
174,1,5,3,0.9729197529128734
174,1,6,3,0.9769063024267818
174,1,7,3,0.9692055531285738
174,1,12,2,0.9869523976649283
174,4,5,3,0.9616909755857461
174,4,6,3,0.9586954445808537
174,4,7,3,0.9680822900842779
174,4,11,2,0.9848688865438086
174,4,12,3,0.9621618271948746
174,5,1,3,0.9729197529128734
174,5,4,3,0.9616909755857461
174,5,6,1,0.9931148819775675
174,5,7,3,0.9900063891607634
174,5,11,3,0.968985198133682
174,5,12,0,0.9930908588909768
174,6,1,2,0.9796562921153368
174,6,4,3,0.9586954445808537
174,6,5,2,0.9802125738150139
174,6,7,3,0.9846018978279355
174,6,11,3,0.9623426385353209
174,6,12,3,0.9928231172098287
174,7,1,3,0.9692055531285738
174,7,4,3,0.9680822900842779
174,7,5,2,0.9957186501749548
174,7,6,0,0.9887767148006799
174,7,11,3,0.9796887054417343
174,7,12,0,0.9901237214340188
174,11,4,3,0.9791744479750035
174,11,5,2,0.9699520651965768
174,11,6,3,0.9623426385353209
174,11,7,3,0.9796887054417343
174,11,12,0,0.9681392904496912
174,12,1,3,0.9858926430584444
174,12,4,3,0.9621618271948746
174,12,5,3,0.9847919362181549
174,12,6,3,0.9928231172098287
174,12,7,3,0.9885292706066036
174,12,11,2,0.9606575671877983
175,1,5,3,0.9726491759291215
175,1,6,3,0.9777172052642024
175,1,7,2,0.9684540482210282
175,1,12,3,0.9862755784513809
175,4,11,2,0.9828493594420642
175,5,1,3,0.9726491759291215
175,5,6,1,0.9927180843309037
175,5,7,3,0.9925119361444138
175,5,11,3,0.9552395774298177
175,5,12,0,0.9923757546508457
175,6,1,3,0.9777172052642024
175,6,5,3,0.9819297941471683
175,6,7,3,0.9815331851364603
175,6,11,3,0.9540160403975324
175,6,12,3,0.9925019894973581
175,7,1,3,0.9683102359974348
175,7,5,2,0.9946135605469261
175,7,6,0,0.9902143930743718
175,7,11,3,0.961934778042992
175,7,12,0,0.9878351737728254
175,11,4,3,0.9728508679219454
175,11,5,3,0.9552395774298177
175,11,6,3,0.9540160403975324
175,11,7,3,0.961934778042992
175,11,12,0,0.9639898946438616
175,12,1,3,0.9862755784513809
175,12,5,3,0.9875122444757706
175,12,6,3,0.9925019894973581
175,12,7,3,0.9859195969467169
175,12,11,3,0.9513135091414072
176,1,5,3,0.971527760161532
176,1,6,3,0.9746584488505831
176,1,7,3,0.9681353703157872
176,1,12,3,0.9741957459023379
176,4,11,2,0.9822832046369072
176,5,1,3,0.971527760161532
176,5,6,1,0.9916794258611831
176,5,7,3,0.9915216449901396
176,5,12,0,0.98821115055616
176,6,1,3,0.9746584488505831
176,6,5,3,0.9794020200677749
176,6,7,3,0.981749805577343
176,6,12,3,0.9902355511099938
176,7,1,3,0.9681353703157872
176,7,5,3,0.9915216449901396
176,7,6,0,0.9895923659659851
176,7,12,0,0.9872406486897852
176,11,4,3,0.9640661281802105
176,11,12,1,0.9500462492160971
176,12,1,3,0.9741957459023379
176,12,5,3,0.9787765952639906
176,12,6,2,0.9903471998311294
176,12,7,1,0.9822702567741399
177,1,5,3,0.9515571619755326
177,1,6,3,0.9652034932214038
177,1,7,3,0.9640940849306555
177,1,12,0,0.9677406620337508
177,4,11,2,0.9817891609943139
177,5,1,0,0.9567664172364523
177,5,6,2,0.9724239380538278
177,5,7,3,0.9677259557854144
177,5,12,0,0.9691749808652083
177,6,1,2,0.9727353631940626
177,6,5,3,0.9650899219669473
177,6,7,3,0.981377524731686
177,6,12,3,0.9882501674750703
177,7,1,3,0.9640940849306555
177,7,5,3,0.9677259557854144
177,7,6,1,0.9894874187884592
177,7,12,0,0.9869448093183184
177,12,1,2,0.9599746728865581
177,12,6,3,0.9882501674750703
177,12,7,2,0.9794425843062005
178,1,6,3,0.9657267565189199
178,1,7,3,0.9579785344208015
178,1,12,0,0.9655161633877805
178,4,11,2,0.9791429615329272
178,6,1,2,0.9727349238554696
178,6,7,3,0.9732385517200564
178,6,12,3,0.985696491405084
178,7,1,3,0.9579785344208015
178,7,6,1,0.9900090366432945
178,7,12,0,0.985939515782897
178,12,1,3,0.9560211188756246
178,12,6,2,0.9867140456549
178,12,7,3,0.9766392049424186
179,1,6,3,0.960950312026545
179,1,12,2,0.9511920036425514
179,4,11,2,0.9754436576235966
179,6,1,2,0.9663718503509168
179,6,12,3,0.9858533368328837
179,7,6,0,0.9868500208588433
179,7,12,0,0.9795295145134836
179,12,1,3,0.9508609369842888
179,12,6,3,0.9858533368328837
180,4,11,2,0.9710738463079641
180,6,1,1,0.9576974849557767
180,6,12,2,0.9838655572012771
180,7,6,0,0.976316202305821
180,7,12,0,0.9586317044298256
180,12,6,3,0.9835094252892074
181,4,11,2,0.9650149850104365
181,6,1,1,0.955782368630601
181,6,12,2,0.9836216380757755
181,7,6,0,0.970565880365323
181,12,6,3,0.9807297548353664
182,4,11,2,0.9580665719961339
182,6,1,1,0.9504290049667191
182,6,12,2,0.9807498418569162
182,7,6,0,0.9701643810974235
182,12,6,3,0.9802747362461641
183,4,11,2,0.9578170891948411
183,6,12,3,0.9782255821692588
183,7,6,0,0.9702940558746967
183,12,6,3,0.9782255821692588
184,4,11,2,0.9598136795047351
184,6,12,2,0.9775857442444867
184,7,6,0,0.9700009491989713
184,12,6,3,0.971441724362346
185,4,11,2,0.9567551932575404
185,6,12,2,0.9765212563812161
185,7,6,0,0.9712185306219792
185,7,10,0,0.9585660864470918
185,12,6,3,0.9621650457552023
186,4,11,2,0.9515012907517693
186,6,12,2,0.9744001859296458
186,7,6,0,0.9716499138953899
186,7,10,0,0.960258429937743
186,8,2,0,0.9529838672314249
186,12,6,3,0.9540928414735903
187,6,12,2,0.968198351546818
187,7,6,0,0.9661753678222872
187,7,10,0,0.9587637000929468
187,8,2,0,0.9588726394851167
188,4,11,2,0.9509119027300059
188,6,10,3,0.9505553069894727
188,6,12,2,0.9622763946431655
188,7,6,0,0.9508623666796476
188,7,10,0,0.9584867100342714
188,8,2,0,0.9562709844981145
188,8,12,0,0.9691911563679609
188,10,6,3,0.9505553069894727
189,6,10,3,0.9566428716371309
189,6,12,2,0.9598599809543286
189,7,10,0,0.9652206285993147
189,8,12,0,0.9887034577927947
189,10,6,3,0.9566428716371309
190,4,11,3,0.96011090240626
190,6,10,3,0.9538490805364286
190,6,12,2,0.9602452094125524
190,7,10,0,0.9698699341089129
190,8,12,0,0.9902941928149434
190,10,2,2,0.9654258651358041
190,10,6,3,0.9538490805364286
190,11,4,3,0.96011090240626
191,4,11,3,0.9755717488849298
191,6,2,2,0.9610624092213723
191,6,12,2,0.9576267527360842
191,7,10,0,0.9716602900822753
191,8,12,0,0.988003161224629
191,10,2,2,0.9780993560957677
191,11,4,3,0.9755717488849298
192,4,11,3,0.9772214639291252
192,7,10,0,0.9728558015081277
192,8,12,0,0.9843230637637336
192,10,2,2,0.9786122625034616
192,11,4,3,0.9772214639291252
193,4,11,3,0.9748520091720214
193,7,10,0,0.9797450539153674
193,8,12,0,0.9639866325894568
193,10,2,2,0.9789153464076329
193,11,4,3,0.9748520091720214
194,4,11,3,0.9694267517904591
194,7,10,0,0.970340997309447
194,10,2,2,0.9765299698922847
194,11,4,3,0.9694267517904591
195,4,11,3,0.9606115120243679
195,7,10,0,0.9599309929281383
195,10,2,2,0.9685308308266675
195,10,6,2,0.9602048807403711
195,11,4,3,0.9606115120243679
196,2,6,3,0.9621867373821172
196,6,2,3,0.9621867373821172
196,7,10,0,0.9589711584058205
196,10,2,2,0.9570091570797877
196,10,6,2,0.9743543219093416
197,2,6,3,0.9737874901195388
197,4,11,3,0.9506430462384733
197,6,2,3,0.9737874901195388
197,7,10,0,0.9582398266344949
197,10,6,2,0.9733679776834894
197,11,4,3,0.9506430462384733
198,2,6,3,0.976407408087682
198,4,11,3,0.9529537824744854
198,6,2,3,0.976407408087682
198,7,10,0,0.9569841460440861
198,10,6,2,0.9683878626817326
198,11,4,3,0.9529537824744854
199,2,6,3,0.9784961669500676
199,4,11,3,0.9507198539112646
199,6,2,3,0.9784961669500676
199,7,10,0,0.9542149912676197
199,10,6,2,0.9659898781161931
199,11,4,3,0.9507198539112646
200,2,6,3,0.9809898623987763
200,6,2,3,0.9809898623987763
200,10,6,2,0.9632213501436635
201,2,6,3,0.982436081647706
201,6,2,3,0.982436081647706
201,10,6,2,0.9597890933900879
202,2,6,3,0.983221124350048
202,6,2,3,0.983221124350048
202,10,6,2,0.9609974852396923
203,2,6,3,0.9837174116492984
203,6,2,3,0.9837174116492984
203,7,2,0,0.9594759188335147
204,2,6,3,0.9647683936438542
204,6,2,3,0.9647683936438542
205,2,10,3,0.9589426565083599
205,9,4,1,0.9549968705586335
205,10,2,3,0.9589426565083599
206,1,3,2,0.9525579093161294
206,1,9,3,0.9515974695779948
206,2,10,3,0.9639716176976425
206,9,1,3,0.9515974695779948
206,9,4,1,0.9577150221424274
206,10,2,3,0.9639716176976425
207,1,3,2,0.9709927317002603
207,1,9,3,0.9553583673784956
207,2,10,2,0.9619625807306176
207,9,1,3,0.9553583673784956
207,9,4,1,0.951670222302969
207,10,2,3,0.9533637897815808
208,1,3,2,0.9712879572230828
208,1,9,3,0.9580355266066927
208,2,10,2,0.9563618898986757
208,9,1,3,0.9580355266066927
208,9,3,2,0.9564740782619018
209,1,3,2,0.9707589078686217
209,1,9,3,0.9592424982428696
209,9,1,3,0.9592424982428696
209,9,3,2,0.9573742488122211
210,1,3,2,0.9720014291169653
210,1,9,2,0.9639937114961218
210,3,4,1,0.9567504942291709
210,3,9,3,0.9558237582760605
210,9,1,3,0.9582902474641899
210,9,3,2,0.9601055718595438
211,1,3,2,0.9741488132496255
211,1,9,2,0.9660424405669805
211,3,4,1,0.963554700438991
211,3,9,3,0.9726708325759644
211,9,3,3,0.9726708325759644
212,1,3,2,0.9777281351962709
212,1,9,2,0.9671107424735192
212,3,9,3,0.9729755033736504
212,9,3,3,0.9729755033736504
213,1,3,2,0.9789929636719565
213,1,9,2,0.9610925829356401
213,3,9,3,0.9661566934309467
213,9,3,3,0.9661566934309467
214,1,3,2,0.9786495072385206
214,3,9,3,0.956626836986159
214,9,3,3,0.956626836986159
215,1,3,2,0.9830052375343347
215,3,9,3,0.9504285932625766
215,9,3,3,0.9504285932625766
216,1,3,2,0.9824729575355124
216,1,9,1,0.9544045980208803
216,10,12,2,0.9532309436105144
217,1,3,2,0.9813149062318177
217,1,9,1,0.9619371596521689
217,10,12,2,0.9561135790266803
218,1,3,2,0.9768602078125969
218,1,9,1,0.9670007162920378
218,10,12,2,0.9549535784434476
219,1,3,2,0.9646292557921944
219,1,9,1,0.9620949665146123
219,10,6,2,0.9529052804263178
219,10,12,2,0.9617437225172265
220,3,9,2,0.9508786492873846
220,10,6,2,0.9557868596949101
220,10,12,2,0.9597448480702125
221,3,9,2,0.957277700964884
221,10,12,2,0.9614999911777965
222,3,9,2,0.961738052998268
222,10,12,2,0.9548732669913224
222,12,10,3,0.952472323903491
223,3,9,2,0.9640239745130933
223,10,12,3,0.9584647736029074
223,12,10,3,0.9584647736029074
224,3,9,2,0.9604223896229075
224,10,12,3,0.9639576042724861
224,12,10,3,0.9639576042724861
225,5,6,3,0.9572513033841912
225,6,5,3,0.9572513033841912
225,10,12,3,0.9648040351005043
225,11,7,1,0.9566476295751355
225,12,10,3,0.9648040351005043
226,5,6,3,0.9666728685275902
226,6,5,3,0.9666728685275902
226,10,12,3,0.9661051428356285
226,11,7,1,0.9592148359795171
226,12,10,3,0.9661051428356285
227,5,6,3,0.9716242677858203
227,6,5,3,0.9716242677858203
227,10,12,3,0.9661140529827926
227,11,7,1,0.9551131130598561
227,12,10,3,0.9661140529827926
228,5,6,3,0.9699012782989842
228,6,5,3,0.9699012782989842
228,10,12,3,0.9670986170764315
228,12,10,3,0.9670986170764315
229,5,6,3,0.9682546782052301
229,6,5,3,0.9682546782052301
229,10,12,3,0.9667343929694927
229,12,10,3,0.9667343929694927
230,5,6,3,0.9628887115311981
230,6,5,2,0.9660178200114858
230,10,12,3,0.9559923777115198
230,12,10,3,0.9559923777115198
231,5,12,3,0.9560759863266998
231,6,5,2,0.9667329496150955
231,6,12,2,0.9622997630631135
231,12,5,3,0.9560759863266998
232,5,12,3,0.9684111317656269
232,6,5,2,0.9669386785885714
232,6,12,2,0.9728150964166478
232,12,5,3,0.9684111317656269
233,5,12,3,0.9765937435002269
233,6,2,1,0.9568354681249619
233,6,5,2,0.9660966956759433
233,6,12,2,0.9764368678047138
233,12,5,3,0.9765937435002269
234,5,12,3,0.9767983355179182
234,6,2,1,0.9734202926879598
234,6,5,2,0.9664209861349341
234,6,12,2,0.9783342138920799
234,12,2,2,0.9797335090467261
234,12,5,3,0.9767983355179182
235,5,2,2,0.9562199955603456
235,5,12,3,0.9761759437128791
235,6,2,1,0.9776982122786209
235,6,5,2,0.9618202015707573
235,6,12,2,0.9797623939209607
235,12,2,2,0.9885957007163572
235,12,5,3,0.9761759437128791
236,5,2,2,0.963165306276336
236,5,10,1,0.9537546024474728
236,5,12,3,0.9785810362240068
236,6,2,1,0.9718734195580937
236,6,5,2,0.9554326328634464
236,6,12,2,0.9785202431780624
236,12,2,2,0.9892893271076239
236,12,5,3,0.9785810362240068
237,5,2,2,0.9733941031061454
237,5,10,1,0.966422603652087
237,5,12,3,0.9722833508403638
237,6,2,1,0.9527242509558322
237,6,10,0,0.963018741306093
237,6,12,2,0.9841111351096768
237,12,2,2,0.986429253719664
237,12,5,3,0.9722833508403638
238,5,2,2,0.9761491914499719
238,6,10,0,0.9755765560426725
238,6,12,2,0.9859748921188612
238,12,2,2,0.9711663613482302
238,12,10,1,0.9580626907992381
239,6,10,0,0.9784827975526617
239,6,12,2,0.9864198385442283
239,12,10,1,0.9639470532819612
240,6,10,0,0.9782788562812276
240,6,12,2,0.9868315470414994
240,12,5,2,0.9503520041017517
240,12,10,1,0.9645819387537256
241,6,10,0,0.9812139974231401
241,6,12,2,0.9857839410642846
241,10,11,1,0.9626343387511812
241,12,10,1,0.965306560287943
242,6,10,0,0.9826966291814029
242,6,12,2,0.9831706239112766
242,10,7,1,0.9701055167424871
242,10,11,1,0.9702618871161804
242,12,10,1,0.9642590678457666
243,6,10,0,0.9794184148701544
243,6,12,2,0.9811478113187538
243,7,11,3,0.9556380576542034
243,10,7,1,0.9799712146499087
243,10,11,1,0.96799827186846
243,11,3,1,0.9508833703947652
243,11,7,3,0.9556380576542034
243,12,10,1,0.9596385579846802
244,1,3,0,0.9578767664195029
244,6,10,0,0.9676786383017473
244,6,12,2,0.9777955802781284
244,7,11,3,0.9680967585739643
244,10,7,1,0.9821378591479106
244,10,11,1,0.9658439065347656
244,11,7,3,0.9680967585739643
245,1,3,0,0.9694748390146256
245,6,12,2,0.9788120610530497
245,7,11,3,0.9759122940751274
245,10,7,1,0.982811725221966
245,10,11,1,0.9648241976996343
245,11,7,3,0.9759122940751274
246,1,3,0,0.9640611635436172
246,6,12,2,0.9782585575205689
246,7,3,1,0.9578804897361413
246,7,11,3,0.9802739277095254
246,10,7,1,0.9825977604945956
246,10,11,1,0.9625223359740976
246,11,7,3,0.9802739277095254
247,6,12,2,0.9780937678797413
247,7,3,1,0.9626714502080043
247,7,11,3,0.9830763123738634
247,10,7,1,0.9644673446549165
247,10,11,1,0.9529575082744223
247,11,7,3,0.9830763123738634
248,6,12,2,0.9781892986073697
248,7,3,1,0.9621571138116078
248,7,11,3,0.9825168413551596
248,10,7,0,0.961485631945476
248,11,7,3,0.9825168413551596
249,6,12,2,0.9781310349906966
249,7,3,0,0.9715268963560427
249,7,11,3,0.982581227648873
249,10,7,0,0.9634213606451661
249,11,7,3,0.982581227648873
250,6,10,1,0.9583789365968826
250,6,12,2,0.9739806751868467
250,7,3,0,0.9760392971174637
250,7,11,3,0.9829131414895917
250,10,7,0,0.9619277869056331
250,11,3,0,0.957721012005774
250,11,7,3,0.9829131414895917
251,6,10,1,0.970139882768791
251,6,12,2,0.9636365702669251
251,7,3,0,0.9798001165348237
251,7,11,3,0.9853215936805809
251,10,7,0,0.9641589062816501
251,11,3,0,0.9701714291562354
251,11,7,3,0.9853215936805809
252,6,10,1,0.9627058481458681
252,7,3,0,0.9802033159451745
252,7,11,3,0.9871365840145994
252,10,7,0,0.9714982602451048
252,11,3,0,0.9756845331186574
252,11,7,3,0.9871365840145994
253,7,3,0,0.978221091292568
253,7,11,3,0.9869736650915613
253,10,7,0,0.9779941174536378
253,11,3,0,0.9678062774822563
253,11,7,3,0.9869736650915613
254,7,3,0,0.973824633746974
254,7,11,3,0.9711882862228424
254,10,7,0,0.9794553684792783
254,11,7,3,0.9711882862228424
255,7,3,0,0.9659844308336194
255,10,7,0,0.9785232910097057
256,7,3,0,0.9565208559351295
256,8,9,3,0.9510155200365122
256,9,8,3,0.9510155200365122
256,10,7,0,0.9745225284200802
257,7,3,0,0.9512578745761261
257,8,9,3,0.9562372563796294
257,9,8,3,0.9562372563796294
257,10,7,0,0.9698010078230511
258,7,3,0,0.9510645040841941
258,8,9,3,0.957783496685856
258,9,8,3,0.957783496685856
258,10,7,0,0.9635706483804901
259,2,9,0,0.9603667367968508
259,8,9,3,0.958966130080156
259,9,8,3,0.958966130080156
259,10,7,0,0.9556516744547559
259,12,6,2,0.9686945129966783
260,2,9,0,0.9672571944571333
260,8,9,3,0.9629778480019832
260,9,8,3,0.9629778480019832
260,12,6,2,0.9794793425556072
261,2,9,0,0.9685306095721573
261,8,9,3,0.9639675122530584
261,9,8,3,0.9639675122530584
261,12,6,2,0.9836729767776906
262,2,9,0,0.9622156144606856
262,8,9,3,0.9629145214830737
262,9,8,3,0.9629145214830737
262,12,6,2,0.9871685974236954
263,4,7,0,0.9517013520226304
263,8,9,3,0.9614669419292736
263,9,8,3,0.9614669419292736
263,12,6,2,0.9876821538328342
264,8,9,3,0.9629195889987391
264,9,8,3,0.9629195889987391
264,12,6,2,0.9843643259242759
265,8,9,3,0.9640793488827702
265,9,8,3,0.9640793488827702
265,10,4,2,0.9523081287225265
265,12,6,2,0.9855283990510115
266,5,7,3,0.9571173538970329
266,7,5,3,0.9571173538970329
266,8,9,3,0.9654353469046063
266,9,8,3,0.9654353469046063
266,10,4,2,0.9531689960657567
266,12,6,2,0.9868418287917713
267,5,7,3,0.9700300958432991
267,7,5,3,0.9700300958432991
267,8,9,3,0.9563720386489417
267,9,8,3,0.9563720386489417
267,12,6,2,0.9836746094873561
268,5,7,3,0.9523482955037739
268,7,5,3,0.9523482955037739
268,12,6,2,0.9545219624862938
269,2,9,1,0.9580256382864086
269,10,1,1,0.9656552106407398
270,2,9,1,0.9696700696270969
270,10,1,1,0.9660066496799045
271,2,9,1,0.9721036772989387
271,10,1,1,0.9513099405324734
272,1,5,2,0.9542664585672433
272,2,9,1,0.9716734171993356
273,1,5,2,0.964827418236663
273,2,9,1,0.9725025420957096
274,2,9,1,0.9756745904643187
274,7,2,0,0.9513578272564392
275,2,9,1,0.9770072987242943
275,7,2,0,0.971930668181217
276,2,9,1,0.9801011411174877
276,7,2,0,0.9807353255291782
276,10,5,0,0.952743388063385
277,2,9,1,0.982817986141935
277,5,7,1,0.9639185581038544
277,7,2,0,0.9812450335808595
277,10,5,0,0.9563310976751607
277,12,10,2,0.9543015173400776
278,2,9,1,0.9798354035811537
278,5,7,1,0.9741657856580896
278,7,2,0,0.9755577358307547
278,10,5,0,0.9629558041266162
278,10,12,3,0.9760187332224377
278,12,10,3,0.9760187332224377
279,2,9,1,0.9692376854762846
279,5,7,1,0.9802771315421168
279,7,2,0,0.9701847047504609
279,10,5,0,0.9591922394829695
279,10,12,3,0.9859374048358588
279,12,10,3,0.9859374048358588
280,5,7,1,0.9806778275336339
280,7,2,0,0.9675670910938141
280,10,12,3,0.9861344641948749
280,12,10,3,0.9861344641948749
281,5,7,1,0.9810369806460575
281,7,2,0,0.9668348016020583
281,10,12,3,0.9820403995244098
281,12,10,3,0.9820403995244098
282,5,7,1,0.9781598062611517
282,7,2,0,0.9667057874582088
282,10,12,3,0.9597394016949762
282,12,10,3,0.9597394016949762
283,5,7,1,0.9580993989120542
283,7,2,0,0.9652267283257336
284,7,2,0,0.9611246224459342
284,11,1,0,0.9541423418516418
285,3,10,3,0.9662215902732706
285,7,2,1,0.9668287922631342
285,10,3,3,0.9662215902732706
286,3,10,3,0.9741274506020681
286,7,2,1,0.9776889611517198
286,10,3,3,0.9741274506020681
287,3,10,3,0.9587532529014572
287,4,10,0,0.9501060223590615
287,7,2,1,0.9822153252299508
287,10,3,3,0.9587532529014572
287,10,12,1,0.9503662562428674
288,4,10,0,0.9597583315747736
288,7,2,1,0.974647231546154
288,10,12,1,0.9559376140989049
289,7,2,1,0.9584774266156063
289,10,12,1,0.9608767596689585